{
  "project_info": {
    "project_number": "1043154028545",
    "firebase_url": "https://xenon-machine-286303.firebaseio.com",
    "project_id": "xenon-machine-286303",
    "storage_bucket": "xenon-machine-286303.appspot.com"
  },
  "client": [
    {
      "client_info": {
        "mobilesdk_app_id": "1:1043154028545:android:54a5d164f0c4bbeac09800",
        "android_client_info": {
          "package_name": "com.jacksonasantos.travelplan"
        }
      },
      "oauth_client": [
        {
          "client_id": "1043154028545-g4tnj6n7piojcsso6b3u3k6g45415kvp.apps.googleusercontent.com",
          "client_type": 3
        }
      ],
      "api_key": [
        {
          "current_key": "AIzaSyDx8dDJ5n4y94tF-3Cbn7-uwdDrfPKjAC8"
        }
      ],
      "services": {
        "appinvite_service": {
          "other_platform_oauth_client": [
            {
              "client_id": "1043154028545-g4tnj6n7piojcsso6b3u3k6g45415kvp.apps.googleusercontent.com",
              "client_type": 3
            }
          ]
        }
      }
    }
  ],
  "configuration_version": "1"
}